   category,image,no_review,price,rating,stock,title,upc,url
,http://books.toscrape.com/media/cache/2c/da/2cdad67c44b002e7ead0cc35693c0e8b.jpg,,£51.77,rating Three,In stock,A Light in the Attic,,
,http://books.toscrape.com/media/cache/26/0c/260c6ae16bce31c8f8c95daddd9f4a1c.jpg,,£53.74,rating One,In stock,Tipping the Velvet,,
,http://books.toscrape.com/media/cache/3e/ef/3eef99c9d9adef34639f510662022830.jpg,,£50.10,rating One,In stock,Soumission,,
,http://books.toscrape.com/media/cache/32/51/3251cf3a3412f53f339e42cac2134093.jpg,,£47.82,rating Four,In stock,Sharp Objects,,
,http://books.toscrape.com/media/cache/be/a5/bea5697f2534a2f86a3ef27b5a8c12a6.jpg,,£54.23,rating Five,In stock,Sapiens: A Brief History of Humankind,,
,http://books.toscrape.com/media/cache/68/33/68339b4c9bc034267e1da611ab3b34f8.jpg,,£22.65,rating One,In stock,The Requiem Red,,
,http://books.toscrape.com/media/cache/92/27/92274a95b7c251fea59a2b8a78275ab4.jpg,,£33.34,rating Four,In stock,The Dirty Little Secrets of Getting Your Dream Job,,
,http://books.toscrape.com/media/cache/3d/54/3d54940e57e662c4dd1f3ff00c78cc64.jpg,,£17.93,rating Three,In stock,"The Coming Woman: A Novel Based on the Life of the Infamous Feminist, Victoria Woodhull",,
,http://books.toscrape.com/media/cache/66/88/66883b91f6804b2323c8369331cb7dd1.jpg,,£22.60,rating Four,In stock,The Boys in the Boat: Nine Americans and Their Epic Quest for Gold at the 1936 Berlin Olympics,,
,http://books.toscrape.com/media/cache/58/46/5846057e28022268153beff6d352b06c.jpg,,£52.15,rating One,In stock,The Black Maria,,
,http://books.toscrape.com/media/cache/be/f4/bef44da28c98f905a3ebec0b87be8530.jpg,,£13.99,rating Two,In stock,"Starving Hearts (Triangular Trade Trilogy, #1)",,
,http://books.toscrape.com/media/cache/10/48/1048f63d3b5061cd2f424d20b3f9b666.jpg,,£20.66,rating Four,In stock,Shakespeare's Sonnets,,
,http://books.toscrape.com/media/cache/5b/88/5b88c52633f53cacf162c15f4f823153.jpg,,£17.46,rating Five,In stock,Set Me Free,,
,http://books.toscrape.com/media/cache/94/b1/94b1b8b244bce9677c2f29ccc890d4d2.jpg,,£52.29,rating Five,In stock,Scott Pilgrim's Precious Little Life (Scott Pilgrim #1),,
,http://books.toscrape.com/media/cache/81/c4/81c4a973364e17d01f217e1188253d5e.jpg,,£35.02,rating Five,In stock,Rip it Up and Start Again,,
,http://books.toscrape.com/media/cache/54/60/54607fe8945897cdcced0044103b10b6.jpg,,£57.25,rating Three,In stock,"Our Band Could Be Your Life: Scenes from the American Indie Underground, 1981-1991",,
,http://books.toscrape.com/media/cache/55/33/553310a7162dfbc2c6d19a84da0df9e1.jpg,,£23.88,rating One,In stock,Olio,,
,http://books.toscrape.com/media/cache/09/a3/09a3aef48557576e1a85ba7efea8ecb7.jpg,,£37.59,rating One,In stock,Mesaerion: The Best Science Fiction Stories 1800-1849,,
,http://books.toscrape.com/media/cache/0b/bc/0bbcd0a6f4bcd81ccb1049a52736406e.jpg,,£51.33,rating Two,In stock,Libertarianism for Beginners,,
,http://books.toscrape.com/media/cache/27/a5/27a53d0bb95bdd88288eaf66c9230d7e.jpg,,£45.17,rating Two,In stock,It's Only the Himalayas,,
,http://books.toscrape.com//media/cache/5d/72/5d72709c6a7a9584a4d1cf07648bfce1.jpg,,£12.84,rating One,In stock,In Her Wake,,
,http://books.toscrape.com//media/cache/5c/c8/5cc8e107246cb478960d4f0aba1e1c8e.jpg,,£37.32,rating Two,In stock,How Music Works,,
,http://books.toscrape.com//media/cache/9f/59/9f59f01fa916a7bb8f0b28a4012179a4.jpg,,£30.52,rating Three,In stock,"Foolproof Preserving: A Guide to Small Batch Jams, Jellies, Pickles, Condiments, and More: A Foolproof Guide to Making Small Batch Jams, Jellies, Pickles, Condiments, and More",,
,http://books.toscrape.com//media/cache/9c/2e/9c2e0eb8866b8e3f3b768994fd3d1c1a.jpg,,£25.27,rating Five,In stock,Chase Me (Paris Nights #2),,
,http://books.toscrape.com//media/cache/44/cc/44ccc99c8f82c33d4f9d2afa4ef25787.jpg,,£34.53,rating Five,In stock,Black Dust,,
,http://books.toscrape.com//media/cache/af/6e/af6e796160fe63e0cf19d44395c7ddf2.jpg,,£54.64,rating Three,In stock,Birdsong: A Story in Pictures,,
,http://books.toscrape.com//media/cache/ef/0b/ef0bed08de4e083dba5e20fdb98d9c36.jpg,,£22.50,rating Three,In stock,America's Cradle of Quarterbacks: Western Pennsylvania's Football Factory from Johnny Unitas to Joe Montana,,
,http://books.toscrape.com//media/cache/d6/da/d6da0371958068bbaf39ea9c174275cd.jpg,,£53.13,rating Three,In stock,Aladdin and His Wonderful Lamp,,
,http://books.toscrape.com//media/cache/2e/98/2e98c332bf8563b584784971541c4445.jpg,,£40.30,rating Five,In stock,Worlds Elsewhere: Journeys Around Shakespeare’s Globe,,
,http://books.toscrape.com//media/cache/a5/41/a5416b9646aaa7287baa287ec2590270.jpg,,£44.18,rating Four,In stock,Wall and Piece,,
,http://books.toscrape.com//media/cache/0f/7e/0f7ee69495c0df1d35723f012624a9f8.jpg,,£17.66,rating Five,In stock,The Four Agreements: A Practical Guide to Personal Freedom,,
,http://books.toscrape.com//media/cache/38/c5/38c56fba316c07305643a8065269594e.jpg,,£31.05,rating Three,In stock,The Five Love Languages: How to Express Heartfelt Commitment to Your Mate,,
,http://books.toscrape.com//media/cache/5d/7e/5d7ecde8e81513eba8a64c9fe000744b.jpg,,£23.82,rating Five,In stock,The Elephant Tree,,
,http://books.toscrape.com//media/cache/cf/bb/cfbb5e62715c6d888fd07794c9bab5d6.jpg,,£36.89,rating One,In stock,The Bear and the Piano,,
,http://books.toscrape.com//media/cache/65/71/6571919836ec51ed54f0050c31d8a0cd.jpg,,£15.94,rating Five,In stock,Sophie's World,,
,http://books.toscrape.com//media/cache/12/53/1253c21c5ef3c6d075c5fa3f5fecee6a.jpg,,£33.29,rating Three,In stock,Penny Maybe,,
,http://books.toscrape.com//media/cache/f5/88/f5889d038f5d8e949b494d147c2dcf54.jpg,,£18.02,rating Two,In stock,Maude (1883-1993):She Grew Up with the country,,
,http://books.toscrape.com//media/cache/23/85/238570a1c284e730dbc737a7e631ae2b.jpg,,£19.63,rating One,In stock,"In a Dark, Dark Wood",,
,http://books.toscrape.com//media/cache/e1/5c/e15c289ba58cea38519e1281e859f0c1.jpg,,£52.22,rating Four,In stock,Behind Closed Doors,,
,http://books.toscrape.com//media/cache/e9/20/e9203b733126c4a0832a1c7885dc27cf.jpg,,£33.63,rating Two,In stock,You can't bury them all: Poems,,
,http://books.toscrape.com//media/cache/72/41/72417db983862010ef0c1a25de98c7d7.jpg,,£57.31,rating Three,In stock,Slow States of Collapse: Poems,,
,http://books.toscrape.com//media/cache/cb/bd/cbbdb0222ee8a0f6ab61657412a15794.jpg,,£26.41,rating Two,In stock,Reasons to Stay Alive,,
,http://books.toscrape.com//media/cache/9d/05/9d0533bae1578846d728a82913b95c26.jpg,,£47.61,rating Five,In stock,Private Paris (Private #10),,
,http://books.toscrape.com//media/cache/9c/46/9c463c7631c82401160fd3b554b8f0e1.jpg,,£23.11,rating Five,In stock,#HigherSelfie: Wake Up Your Life. Free Your Soul. Find Your Tribe.,,
,http://books.toscrape.com//media/cache/24/e2/24e2f5c9d325c4004d8190c054da86dd.jpg,,£45.07,rating Two,In stock,Without Borders (Wanderlove #1),,
,http://books.toscrape.com//media/cache/08/04/08044269fc197645268a6197c57e6173.jpg,,£31.77,rating One,In stock,When We Collided,,
,http://books.toscrape.com//media/cache/5f/15/5f152afdbc42356ecba02f61058a7e5b.jpg,,£50.27,rating Five,In stock,"We Love You, Charlie Freeman",,
,http://books.toscrape.com//media/cache/f9/3b/f93b4a650f03a5d21f2436d7813f42c2.jpg,,£14.27,rating Four,In stock,Untitled Collection: Sabbath Poems 2014,,
,http://books.toscrape.com//media/cache/41/a2/41a20f35adf0caea24f208dc01ad7681.jpg,,£44.18,rating Four,In stock,"Unseen City: The Majesty of Pigeons, the Discreet Charm of Snails & Other Wonders of the Urban Wilderness",,
,http://books.toscrape.com//media/cache/76/8e/768ea5924ac1ef6297c2be9959c796c2.jpg,,£18.78,rating Three,In stock,Unicorn Tracks,,
,http://books.toscrape.com//media/cache/4a/3b/4a3b055f9e378a95fedbef55e7bab7ce.jpg,,£25.52,rating One,In stock,"Unbound: How Eight Technologies Made Us Human, Transformed Society, and Brought Our World to the Brink",,
,http://books.toscrape.com//media/cache/36/df/36df4caaf1420b1183a8235355d39e69.jpg,,£16.28,rating One,In stock,Tsubasa: WoRLD CHRoNiCLE 2 (Tsubasa WoRLD CHRoNiCLE #2),,
,http://books.toscrape.com//media/cache/03/86/038650c9e7517b4baf2a423cd8eed38f.jpg,,£31.12,rating Three,In stock,Throwing Rocks at the Google Bus: How Growth Became the Enemy of Prosperity,,
,http://books.toscrape.com//media/cache/c4/dd/c4ddd9ced89966b0602ec85e00cd5b61.jpg,,£19.49,rating Four,In stock,This One Summer,,
,http://books.toscrape.com//media/cache/c4/0a/c40a64f59e7487b1a80a049f6ceb2ba5.jpg,,£17.27,rating Five,In stock,Thirst,,
,http://books.toscrape.com//media/cache/33/e5/33e507172541628acfd421503196b578.jpg,,£19.09,rating One,In stock,The Torch Is Passed: A Harding Family Story,,
,http://books.toscrape.com//media/cache/c4/a2/c4a2a1a026c67bcceb5a411c724d7d0c.jpg,,£56.13,rating One,In stock,The Secret of Dreadwillow Carse,,
,http://books.toscrape.com//media/cache/b7/f4/b7f4843dbe062d44be1ffcfa16b2faa4.jpg,,£56.41,rating One,In stock,"The Pioneer Woman Cooks: Dinnertime: Comfort Classics, Freezer Food, 16-Minute Meals, and Other Delicious Ways to Solve Supper!",,
,http://books.toscrape.com//media/cache/89/b8/89b850edb01851a91f64ba114b96acb6.jpg,,£56.50,rating Four,In stock,The Past Never Ends,,
,http://books.toscrape.com//media/cache/5d/7f/5d7f496cdf5e5962a73ecdcc1505c1d5.jpg,,£45.22,rating Three,In stock,The Natural History of Us (The Fine Art of Pretending #2),,
,http://books.toscrape.com//media/cache/f4/79/f479de5f305c2ac0512702cf7155bb74.jpg,,£38.16,rating Four,In stock,The Nameless City (The Nameless City #1),,
,http://books.toscrape.com//media/cache/dc/44/dc44f8e2aebac48ca8553814d9b021a8.jpg,,£54.11,rating Three,In stock,The Murder That Never Was (Forensic Instincts #5),,
,http://books.toscrape.com//media/cache/d4/8d/d48d5122a15347e9fe2b15ad354d69bf.jpg,,£42.96,rating Four,In stock,The Most Perfect Thing: Inside (and Outside) a Bird's Egg,,
,http://books.toscrape.com//media/cache/f8/6d/f86d08178e3788563ac17be5aefd29f0.jpg,,£23.89,rating Four,In stock,"The Mindfulness and Acceptance Workbook for Anxiety: A Guide to Breaking Free from Anxiety, Phobias, and Worry Using Acceptance and Commitment Therapy",,
,http://books.toscrape.com//media/cache/95/64/95647d6a526bf54120b9445e124794e1.jpg,,£16.77,rating Three,In stock,The Life-Changing Magic of Tidying Up: The Japanese Art of Decluttering and Organizing,,
,http://books.toscrape.com//media/cache/75/dc/75dce2f5949b407161f37f0af249b018.jpg,,£20.59,rating Five,In stock,"The Inefficiency Assassin: Time Management Tactics for Working Smarter, Not Longer",,
,http://books.toscrape.com//media/cache/64/15/641570cd7e7aded53c7d33d78a9629f1.jpg,,£37.13,rating One,In stock,The Gutsy Girl: Escapades for Your Life of Epic Adventure,,
,http://books.toscrape.com//media/cache/2e/23/2e236e23ad52aa74505f224f6552eda8.jpg,,£56.06,rating One,In stock,The Electric Pencil: Drawings from Inside State Hospital No. 3,,
,http://books.toscrape.com//media/cache/71/df/71df730cf38c232ee58a2e407135f055.jpg,,£58.11,rating Four,In stock,The Death of Humanity: and the Case for Life,,
,http://books.toscrape.com//media/cache/ee/3e/ee3e219d23e73ba71c79b700f183aaed.jpg,,£49.05,rating Three,In stock,"The Bulletproof Diet: Lose up to a Pound a Day, Reclaim Energy and Focus, Upgrade Your Life",,
,http://books.toscrape.com//media/cache/70/fa/70fa6c0437d9c97dbeada6bd32bf9d2c.jpg,,£40.76,rating Three,In stock,The Art Forger,,
,http://books.toscrape.com//media/cache/2d/4e/2d4e358712e6c9f1d3bdd78d1a16e5a8.jpg,,£19.73,rating One,In stock,The Age of Genius: The Seventeenth Century and the Birth of the Modern Mind,,
,http://books.toscrape.com//media/cache/96/db/96db61bb53930c560fb4c1c62b583816.jpg,,£32.24,rating Five,In stock,The Activist's Tao Te Ching: Ancient Advice for a Modern Revolution,,
,http://books.toscrape.com//media/cache/f3/4f/f34ffb24cc21c9f9f52dad4fd8f3ac21.jpg,,£41.83,rating Four,In stock,Spark Joy: An Illustrated Master Class on the Art of Organizing and Tidying Up,,
,http://books.toscrape.com//media/cache/69/85/69852567cf97264a1442cbc882c84903.jpg,,£39.58,rating Two,In stock,Soul Reader,,
,http://books.toscrape.com//media/cache/da/df/dadfac66a89774b46b10225362724c83.jpg,,£39.25,rating Two,In stock,Security,,
,http://books.toscrape.com//media/cache/43/ae/43aee83ebb31e2122a7215e413770e5c.jpg,,£25.02,rating Three,In stock,"Saga, Volume 6 (Saga (Collected Editions) #6)",,
,http://books.toscrape.com//media/cache/e1/ea/e1ea6cb36e62ae6dc7b805f68ab9a700.jpg,,£51.04,rating Two,In stock,"Saga, Volume 5 (Saga (Collected Editions) #5)",,
,http://books.toscrape.com//media/cache/97/f8/97f8debeeaaece9603267653076e760f.jpg,,£19.83,rating Two,In stock,Reskilling America: Learning to Labor in the Twenty-First Century,,
,http://books.toscrape.com//media/cache/f3/ef/f3efd43ae0fa85d9b325d5e8783e7af5.jpg,,£50.40,rating Three,In stock,"Rat Queens, Vol. 3: Demons (Rat Queens (Collected Editions) #11-15)",,
